Nome da Empresa,EMPRESA EXEMPLO ,,,,,,,,,,,,,,,,,
Contato ,CONTATO EXEMPLO,,,,,,,,,,,,,,,,,
Número colaboradores,5,,,,,,,,,,,,,,,,,
GESTÃO ,,,,,,,,,,,,,,,,,,
Perguntas,SIM 100,PARCIAL 50,NÃO 0 ,RESULTADO,Observação ,,,,,,,,,,,,,
Tem um time de TI ou parceiro cuidando da tecnologia da empresa?,100,,,100,"Sistema, tem um servidor na empresa. Sistema Publisoft x Equipamentos ",,,,,,,,,,,,,
Tem regras escritas sobre como é protegido os dados da empresa?,100,,,100,"Nao tem conhecimento, tem um pacote, paga por isso, diariamente recebe um email. ",,,,,,,,,,,,,
Tem regras para o uso da internet pelos colaboradores?,,,0,0,"Neste momento,  nao é importante ",,,,,,,,,,,,,
"A maioria dos programas que a empresa usa são legalizados? Ex: Windows, Office",100,,,100,,,,,,,,,,,,,,
Capacita os colaboradores sobre como se proteger online?,,,0,0,nao é rotina. Aconteceu 6 anos boleto falso e contrato ,,,,,,,,,,,,,
,Resultado GESTÃO ,,,60,,,,,,,,,,,,,,
CONTROLE,,,,,,,,,,,,,,,,,,
Perguntas,SIM 100,PARCIAL 50,NÃO 0 ,RESULTADO,Observação ,,,,,,,,,,,,,
Bloqueia sites perigosos ou inadequados para o trabalho?,,,0,0,,,,,,,,,,,,,,
Possui anti-vírus corporativo com controle centralizado de todos os equipamentos?,,,0,0,,,,,,,,,,,,,,
Tem antivírus em todos os computadores?,,,0,0,nunca tiveram problemas birus no computador ,,,,,,,,,,,,,
"O antivírus é atualizado e checado o tempo todo, não só instalado?",,,0,0,,,,,,,,,,,,,,
Tem filtro anti-spam para bloquear e-mails falsos?,,,0,0,R4 ,,,,,,,,,,,,,
"Controla dispositivos externos (pendrive, hd externo) para evitar vazamento de dados?",,,0,0,,,,,,,,,,,,,,
Tem regras para instalar programas nos computadores?,,,0,0,,,,,,,,,,,,,,
,Resultado CONTROLE,,,0,,,,,,,,,,,,,,
DISPONIBILIDADE,,,,,,,,,,,,,,,,,,
Perguntas,SIM 100,PARCIAL 50,NÃO 0 ,RESULTADO,Observação ,,,,,,,,,,,,,
Possui mais de um link de internet?,,,0,0,Vivo funciona bem ,,,,,,,,,,,,,
"Se um link de internet ""cai"" o outro entra automaticamente?",,,0,0,,,,,,,,,,,,,,
Tem backup dos dados da empresa?,,50,,50,os arquivos sao salvos ,,,,,,,,,,,,,
Guarda cópias de backup fora da empresa?,100,,,100,,,,,,,,,,,,,,
Testa os backups com frequência para ver se funcionam?,,,0,0,nunca fez teste de restairacao ,,,,,,,,,,,,,
Tem um plano caso a rede ou equipamentos pararem?,,,0,0,"nunca aconteceu de parada, depois vc faz o lançamento ",,,,,,,,,,,,,
,Resultado DISPONIBILIDADE,,,25,,,,,,,,,,,,,,
RASTREABILIDADE,,,,,,,,,,,,,,,,,,
Perguntas,SIM 100,PARCIAL 50,NÃO 0 ,RESULTADO,Observação ,,,,,,,,,,,,,
Sabe o que seus colaboradores acessam na internet no dia a dia?,,50,0,50,tempo de uso do servidor: 6-7 anos ,,,,,,,,,,,,,
"Se um arquivo é apagado, sabe quem fez isso?",,,0,0,,,,,,,,,,,,,,
A internet de visitantes é separada da rede que so colaboradores usam?,,,0,0,,,,,,,,,,,,,,
,Resultado RASTREABILIDADE,,,17,,,,,,,,,,,,,,
RESULTADO ,,,,,,,,,,,,,,,,,,
SCORE GLOBAL ,25,,,,,,,,,,,,,,,,,
SCORE - GESTÃO ,60,,,,,,,,,,,,,,,,,
SCORE - CONTROLE,0,,,,,,,,,,,,,,,,,
SCORE - DISPONIBILIDADE ,25,,,,,,,,,,,,,,,,,
SCORE - RASTREABILIDADE ,17,,,,,,,,,,,,,,,,,
AÇÕES RECOMENDADAS,,,,,,,,,,,,,,,,,,
"Planejamento de aquisiçao de novo servidor visto que o servidor tem entre 6 e 7 anos de uso, recomendação padrão da TI é de 5-1 anos de uso. Existe opçao de não precisar comprar equipamento e ir pra nuvem ",,,,,,,,,,,,,,,,,,
"Indicado realizar pelo menos a cada 6 meses um teste de recuperaçao do backup em nuvem, embora ele esteja sendo feito, copiando os arquivos mas tem como ter certeza se na hora que precisar voltar o backup ele vai funcionar e se os dados estão verdadeiramente integros ",,,,,,,,,,,,,,,,,,
"Implantar um sistema de proteçao para os computadores (antivírus) para servir como uma barreira de proteção. Embroa nunca tenha tido problemas de sequestro de dados, previnir é a chave na tecnologia. Isso inibe que colaboradores instale programas maliciosos, da para controlar os sites que são visitados e também protege de ataques de roubo de dados ",,,,,,,,,,,,,,,,,,
"Indicado conferir junto a hospedagem de e-mail R4 se no plano contratado de e-mails, possui backup da caixa de e-mail e também anti-spam avançado, inibindo que dados se percam e golpes possam ser aplicados via e-mail",,,,,,,,,,,,,,,,,,
"Indicado investimento futuro, mediante o crrescimento da empresa, uma melhoria de segurança na rede, criando uma rede somente para acesso dos colaboradores, servidor e sistema, e outra rede para ser usada por visitantes. isso inibirá problemas com sequestro de informações e blindará a rede da empresa, que hoje pode ser facilmente invadida.  ",,,,,,,,,,,,,,,,,,
,,,,,,,,,,,,,,,,,,
,,,,,,,,,,,,,,,,,,
,,,,,,,,,,,,,,,,,,
,,,,,,,,,,,,,,,,,,
,,,,,,,,,,,,,,,,,,
,,,,,,,,,,,,,,,,,,
,,,,,,,,,,,,,,,,,,
,,,,,,,,,,,,,,,,,,
,,,,,,,,,,,,,,,,,,
,,,,,,,,,,,,,,,,,,
,,,,,,,,,,,,,,,,,,
,,,,,,,,,,,,,,,,,,
,,,,,,,,,,,,,,,,,,
,,,,,,,,,,,,,,,,,,
,,,,,,,,,,,,,,,,,,
,,,,,,,,,,,,,,,,,,
,,,,,,,,,,,,,,,,,,
,,,,,,,,,,,,,,,,,,
,,,,,,,,,,,,,,,,,,
,,,,,,,,,,,,,,,,,,
,,,,,,,,,,,,,,,,,,
,,,,,,,,,,,,,,,,,,
,,,,,,,,,,,,,,,,,,
,,,,,,,,,,,,,,,,,,
,,,,,,,,,,,,,,,,,,
,,,,,,,,,,,,,,,,,,
,,,,,,,,,,,,,,,,,,
,,,,,,,,,,,,,,,,,,
,,,,,,,,,,,,,,,,,,
,,,,,,,,,,,,,,,,,,
,,,,,,,,,,,,,,,,,,
,,,,,,,,,,,,,,,,,,
,,,,,,,,,,,,,,,,,,
,,,,,,,,,,,,,,,,,,
,,,,,,,,,,,,,,,,,,
,,,,,,,,,,,,,,,,,,
,,,,,,,,,,,,,,,,,,
,,,,,,,,,,,,,,,,,,
,,,,,,,,,,,,,,,,,,
,,,,,,,,,,,,,,,,,,
,,,,,,,,,,,,,,,,,,
,,,,,,,,,,,,,,,,,,
,,,,,,,,,,,,,,,,,,
,,,,,,,,,,,,,,,,,,
,,,,,,,,,,,,,,,,,,
,,,,,,,,,,,,,,,,,,
,,,,,,,,,,,,,,,,,,
,,,,,,,,,,,,,,,,,,
,,,,,,,,,,,,,,,,,,
,,,,,,,,,,,,,,,,,,
,,,,,,,,,,,,,,,,,,
,,,,,,,,,,,,,,,,,,
,,,,,,,,,,,,,,,,,,
,,,,,,,,,,,,,,,,,,
,,,,,,,,,,,,,,,,,,
,,,,,,,,,,,,,,,,,,
,,,,,,,,,,,,,,,,,,
,,,,,,,,,,,,,,,,,,
,,,,,,,,,,,,,,,,,,
,,,,,,,,,,,,,,,,,,
,,,,,,,,,,,,,,,,,,
,,,,,,,,,,,,,,,,,,
,,,,,,,,,,,,,,,,,,
,,,,,,,,,,,,,,,,,,
,,,,,,,,,,,,,,,,,,
,,,,,,,,,,,,,,,,,,
,,,,,,,,,,,,,,,,,,
,,,,,,,,,,,,,,,,,,
,,,,,,,,,,,,,,,,,,
,,,,,,,,,,,,,,,,,,
,,,,,,,,,,,,,,,,,,
,,,,,,,,,,,,,,,,,,
,,,,,,,,,,,,,,,,,,
,,,,,,,,,,,,,,,,,,
,,,,,,,,,,,,,,,,,,
,,,,,,,,,,,,,,,,,,
,,,,,,,,,,,,,,,,,,
,,,,,,,,,,,,,,,,,,
,,,,,,,,,,,,,,,,,,
,,,,,,,,,,,,,,,,,,
,,,,,,,,,,,,,,,,,,
,,,,,,,,,,,,,,,,,,
,,,,,,,,,,,,,,,,,,
,,,,,,,,,,,,,,,,,,
,,,,,,,,,,,,,,,,,,
,,,,,,,,,,,,,,,,,,
,,,,,,,,,,,,,,,,,,
,,,,,,,,,,,,,,,,,,
,,,,,,,,,,,,,,,,,,
,,,,,,,,,,,,,,,,,,
,,,,,,,,,,,,,,,,,,
,,,,,,,,,,,,,,,,,,
,,,,,,,,,,,,,,,,,,
,,,,,,,,,,,,,,,,,,
,,,,,,,,,,,,,,,,,,
,,,,,,,,,,,,,,,,,,
,,,,,,,,,,,,,,,,,,
,,,,,,,,,,,,,,,,,,
,,,,,,,,,,,,,,,,,,
,,,,,,,,,,,,,,,,,,
,,,,,,,,,,,,,,,,,,
,,,,,,,,,,,,,,,,,,
,,,,,,,,,,,,,,,,,,
,,,,,,,,,,,,,,,,,,
,,,,,,,,,,,,,,,,,,
,,,,,,,,,,,,,,,,,,
,,,,,,,,,,,,,,,,,,
,,,,,,,,,,,,,,,,,,
,,,,,,,,,,,,,,,,,,
,,,,,,,,,,,,,,,,,,
,,,,,,,,,,,,,,,,,,
,,,,,,,,,,,,,,,,,,
,,,,,,,,,,,,,,,,,,
,,,,,,,,,,,,,,,,,,
,,,,,,,,,,,,,,,,,,
,,,,,,,,,,,,,,,,,,
,,,,,,,,,,,,,,,,,,
,,,,,,,,,,,,,,,,,,
,,,,,,,,,,,,,,,,,,
,,,,,,,,,,,,,,,,,,
,,,,,,,,,,,,,,,,,,
,,,,,,,,,,,,,,,,,,
,,,,,,,,,,,,,,,,,,
,,,,,,,,,,,,,,,,,,
,,,,,,,,,,,,,,,,,,
,,,,,,,,,,,,,,,,,,
,,,,,,,,,,,,,,,,,,
,,,,,,,,,,,,,,,,,,
